"Position","SMILES_Structure","SMILES_Scaffold"
"6","O=C(c1cc([s]cc2)c2cc1)[Hg]","c1c[s]c2c1cccc2"
"3","O=C(c1c[s]c2c1cccc2)[Hg]","c1c[s]c2c1cccc2"
"2","O=C(c1cc(cccc2)c2[s]1)[Hg]","c1c[s]c2c1cccc2"
"5","O=C(c(cc1)cc2c1[s]cc2)[Hg]","c1c[s]c2c1cccc2"
"7","O=C(c1c2[s]ccc2ccc1)[Hg]","c1c[s]c2c1cccc2"
"4","O=C(c1c(cc[s]2)c2ccc1)[Hg]","c1c[s]c2c1cccc2"
"6","O=C(c1cc([o]cc2)c2cc1)[Hg]","c1c[o]c2c1cccc2"
"3","O=C(c1c[o]c2c1cccc2)[Hg]","c1c[o]c2c1cccc2"
"2","O=C(c1cc(cccc2)c2[o]1)[Hg]","c1c[o]c2c1cccc2"
"5","O=C(c(cc1)cc2c1[o]cc2)[Hg]","c1c[o]c2c1cccc2"
"7","O=C(c1c2[o]ccc2ccc1)[Hg]","c1c[o]c2c1cccc2"
"4","O=C(c1c(cc[o]2)c2ccc1)[Hg]","c1c[o]c2c1cccc2"
"6","O=C(c1cc([nH]cc2)c2cc1)[Hg]","c1c[nH]c2c1cccc2"
"3","O=C(c1c[nH]c2c1cccc2)[Hg]","c1c[nH]c2c1cccc2"
"2","O=C(c1cc(cccc2)c2[nH]1)[Hg]","c1c[nH]c2c1cccc2"
"5","O=C(c(cc1)cc2c1[nH]cc2)[Hg]","c1c[nH]c2c1cccc2"
"7","O=C(c1c2[nH]ccc2ccc1)[Hg]","c1c[nH]c2c1cccc2"
"4","O=C(c1c(cc[nH]2)c2ccc1)[Hg]","c1c[nH]c2c1cccc2"
"6","Cc1c[s]c2c1ccc(C([Hg])=O)c2","Cc1c[s]c2c1cccc2"
"2","Cc1c(C([Hg])=O)[s]c2c1cccc2","Cc1c[s]c2c1cccc2"
"5","Cc1c[s]c(cc2)c1cc2C([Hg])=O","Cc1c[s]c2c1cccc2"
"7","Cc(c1ccc2)c[s]c1c2C([Hg])=O","Cc1c[s]c2c1cccc2"
"4","Cc1c[s]c2cccc(C([Hg])=O)c12","Cc1c[s]c2c1cccc2"
"6","Cc1cc(ccc(C([Hg])=O)c2)c2[s]1","Cc1cc(cccc2)c2[s]1"
"3","Cc1c(C([Hg])=O)c(cccc2)c2[s]1","Cc1cc(cccc2)c2[s]1"
"5","Cc1cc(cc(cc2)C([Hg])=O)c2[s]1","Cc1cc(cccc2)c2[s]1"
"7","Cc1cc2cccc(C([Hg])=O)c2[s]1","Cc1cc(cccc2)c2[s]1"
"4","Cc([s]c1ccc2)cc1c2C([Hg])=O","Cc1cc(cccc2)c2[s]1"
"6","Cc1c[o]c2c1ccc(C([Hg])=O)c2","Cc1c[o]c2c1cccc2"
"2","Cc1c(C([Hg])=O)[o]c2c1cccc2","Cc1c[o]c2c1cccc2"
"5","Cc1c[o]c(cc2)c1cc2C([Hg])=O","Cc1c[o]c2c1cccc2"
"7","Cc(c1ccc2)c[o]c1c2C([Hg])=O","Cc1c[o]c2c1cccc2"
"4","Cc1c[o]c2cccc(C([Hg])=O)c12","Cc1c[o]c2c1cccc2"
"5","Cc1cc(ccc(C([Hg])=O)c2)c2[o]1","Cc1cc(cccc2)c2[o]1"
"3","Cc1c(C([Hg])=O)c(cccc2)c2[o]1","Cc1cc(cccc2)c2[o]1"
"5","Cc1cc(cc(cc2)C([Hg])=O)c2[o]1","Cc1cc(cccc2)c2[o]1"
"7","Cc1cc2cccc(C([Hg])=O)c2[o]1","Cc1cc(cccc2)c2[o]1"
"4","Cc([o]c1ccc2)cc1c2C([Hg])=O","Cc1cc(cccc2)c2[o]1"
"6","Cc1c[nH]c2c1ccc(C([Hg])=O)c2","Cc1c[nH]c2c1cccc2"
"2","Cc1c(C([Hg])=O)[nH]c2c1cccc2","Cc1c[nH]c2c1cccc2"
"5","Cc1c[nH]c(cc2)c1cc2C([Hg])=O","Cc1c[nH]c2c1cccc2"
"7","Cc(c1ccc2)c[nH]c1c2C([Hg])=O","Cc1c[nH]c2c1cccc2"
"4","Cc1c[nH]c2cccc(C([Hg])=O)c12","Cc1c[nH]c2c1cccc2"
"6","Cc1cc(ccc(C([Hg])=O)c2)c2[nH]1","Cc1cc(cccc2)c2[nH]1"
"3","Cc1c(C([Hg])=O)c(cccc2)c2[nH]1","Cc1cc(cccc2)c2[nH]1"
"5","Cc1cc(cc(cc2)C([Hg])=O)c2[nH]1","Cc1cc(cccc2)c2[nH]1"
"7","Cc1cc2cccc(C([Hg])=O)c2[nH]1","Cc1cc(cccc2)c2[nH]1"
"4","Cc([nH]c1ccc2)cc1c2C([Hg])=O","Cc1cc(cccc2)c2[nH]1"
"7","O=C(c1c2[s]ccc2ccc1)[Hg]","c1c[s]c2c1cccc2"
"6","O=C(c1cc([nH]nc2)c2cc1)[Hg]","c1n[nH]c2c1cccc2"
"3","O=C(c1c[nH]c2c1cncc2)[Hg]","c1c[nH]c2c1cncc2"
"6","O=C(c1cc2ncc[n]2cc1)[Hg]","c1cnc2[n]1cccc2"
"3","O=C(c1c[nH]c2c1cccn2)[Hg]","c1c[nH]c2ncccc12"
"4","O=C(c1c(cc[nH]2)c2cnc1)[Hg]","c1c[nH]c2c1ccnc2"
"5","O=C(c(cc1)cc2c1[nH]cn2)[Hg]","c1nc(cccc2)c2[nH]1"
"6","O=C(c(cc1)cc2c1nc[nH]2)[Hg]","c1nc(cccc2)c2[nH]1"
"3","O=C(c1c[nH]c2c1ccnc2)[Hg]","c1c[nH]c2c1ccnc2"
"2","O=C(c([nH]1)cc2c1nccc2)[Hg]","c1c[nH]c2ncccc12"
"6","O=C(c1nc([nH]cc2)c2cc1)[Hg]","c1c[nH]c2ncccc12"
"3","O=C(c1cnc2[n]1cccc2)[Hg]","c1cnc2[n]1cccc2"
"2","O=C(c1cc(ccnc2)c2[nH]1)[Hg]","c1c[nH]c2c1ccnc2"
"5","O=C(c1ncc2[nH]ccc2c1)[Hg]","c1c[nH]c2c1ccnc2"
"5","O=C(c(cc1)nc2c1[nH]cc2)[Hg]","c1c[nH]c2cccnc12"
"4","O=C(c1nccc2c1cc[nH]2)[Hg]","c1c[nH]c2c1cncc2"
"3","O=C(c1n[nH]c2c1cccc2)[Hg]","c1n[nH]c2c1cccc2"
"2","O=C(c1cc(nccc2)c2[nH]1)[Hg]","c1c[nH]c2cccnc12"
"6","O=C(c1ncc(cc[nH]2)c2c1)[Hg]","c1c[nH]c2c1cncc2"
"4","O=C(c1cccc2ncc[n]12)[Hg]","c1cnc2[n]1cccc2"
"2","O=C(c1nc(cccc2)c2[nH]1)[Hg]","c1nc(cccc2)c2[nH]1"
"2","O=C(c1cc(cncc2)c2[nH]1)[Hg]","c1c[nH]c2c1cncc2"
"2","O=C(c1c[n](cccc2)c2n1)[Hg]","c1cnc2[n]1cccc2"
"7","O=C(c1nccc2c1[nH]cc2)[Hg]","c1c[nH]c2c1ccnc2"
"5","O=C(c(cc1)cc2c1[nH]nc2)[Hg]","c1n[nH]c2c1cccc2"
"7","O=C(c1c2[nH]ccc2cnc1)[Hg]","c1c[nH]c2c1cncc2"
"3","O=C(c1c[nH]c2cccnc12)[Hg]","c1c[nH]c2cccnc12"
"5","O=C(c1cnc2[nH]ccc2c1)[Hg]","c1c[nH]c2ncccc12"
"5","O=C(c(cc1)c[n]2c1ncc2)[Hg]","c1cnc2[n]1cccc2"
"7","O=C(c1c2[nH]ccc2ncc1)[Hg]","c1c[nH]c2cccnc12"
"4","O=C(c1c2nc[nH]c2ccc1)[Hg]","c1nc(cccc2)c2[nH]1"
"7","O=C(c1c2[nH]cnc2ccc1)[Hg]","c1nc(cccc2)c2[nH]1"
"6","O=C(c1cnc(cc[nH]2)c2c1)[Hg]","c1c[nH]c2cccnc12"
"7","O=C(c1c2[nH]ncc2ccc1)[Hg]","c1n[nH]c2c1cccc2"
"7","O=C(c1ccc[n]2c1ncc2)[Hg]","c1cnc2[n]1cccc2"
"4","O=C(c1c(cc[nH]2)c2ncc1)[Hg]","c1c[nH]c2ncccc12"
"4","O=C(c1c(cn[nH]2)c2ccc1)[Hg]","c1n[nH]c2c1cccc2"
"3","Cc(cc1)cc2c1[o]cc2C([Hg])=O","Cc(cc1)cc2c1[o]cc2"
"3","Cc1cccc2c1[o]cc2C([Hg])=O","Cc1c2[o]ccc2ccc1"
"3","Cc(cc1)cc2c1c(C([Hg])=O)c[o]2","Cc1cc([o]cc2)c2cc1"
"3","Cc1c(c(C([Hg])=O)c[o]2)c2ccc1","Cc1cccc2c1cc[o]2"
"7","Cc1c(C([Hg])=O)c([o]cc2)c2cc1","Cc1cc([o]cc2)c2cc1"
"2","Cc1cc([o]c(C([Hg])=O)c2)c2cc1","Cc1cc([o]cc2)c2cc1"
"2","Cc1cccc2c1cc(C([Hg])=O)[o]2","Cc1cccc2c1cc[o]2"
"2","Cc(cc1)cc2c1[o]c(C([Hg])=O)c2","Cc(cc1)cc2c1[o]cc2"
"2","Cc1cccc2c1[o]c(C([Hg])=O)c2","Cc1c2[o]ccc2ccc1"
"6","Cc1c(cc[o]2)c2cc(C([Hg])=O)c1","Cc1cccc2c1cc[o]2"
"6","Cc(cc(cc[o]1)c1c1)c1C([Hg])=O","Cc(cc1)cc2c1[o]cc2"
"7","Cc1cc(C([Hg])=O)c2[o]ccc2c1","Cc(cc1)cc2c1[o]cc2"
"7","Cc(cc1)c(cc[o]2)c2c1C([Hg])=O","Cc1cccc2c1cc[o]2"
"4","Cc1cc(C([Hg])=O)c(cc[o]2)c2c1","Cc1cc([o]cc2)c2cc1"
"6","Cc(c([o]cc1)c1cc1)c1C([Hg])=O","Cc1c2[o]ccc2ccc1"
"4","Cc(cc1)c2[o]ccc2c1C([Hg])=O","Cc1c2[o]ccc2ccc1"
"5","Cc1c2[o]ccc2cc(C([Hg])=O)c1","Cc1c2[o]ccc2ccc1"
"5","Cc(cc1[o]ccc1c1)c1C([Hg])=O","Cc1cc([o]cc2)c2cc1"
"4","Cc(cc1)c(C([Hg])=O)c2c1[o]cc2","Cc(cc1)cc2c1[o]cc2"
"5","Cc(c1c(cc2)[o]cc1)c2C([Hg])=O","Cc1cccc2c1cc[o]2"
"3","Cc(cc1)cc2c1[s]cc2C([Hg])=O","Cc(cc1)cc2c1[s]cc2"
"3","Cc1cccc2c1[s]cc2C([Hg])=O","Cc1c2[s]ccc2ccc1"
"3","Cc(cc1)cc2c1c(C([Hg])=O)c[s]2","Cc1cc([s]cc2)c2cc1"
"3","Cc1c(c(C([Hg])=O)c[s]2)c2ccc1","Cc1cccc2c1cc[s]2"
"7","Cc1c(C([Hg])=O)c([s]cc2)c2cc1","Cc1cc([s]cc2)c2cc1"
"2","Cc1cc([s]c(C([Hg])=O)c2)c2cc1","Cc1cc([s]cc2)c2cc1"
"2","Cc1cccc2c1cc(C([Hg])=O)[s]2","Cc1cccc2c1cc[s]2"
"2","Cc(cc1)cc2c1[s]c(C([Hg])=O)c2","Cc(cc1)cc2c1[s]cc2"
"2","Cc1cccc2c1[s]c(C([Hg])=O)c2","Cc1c2[s]ccc2ccc1"
"6","Cc1c(cc[s]2)c2cc(C([Hg])=O)c1","Cc1cccc2c1cc[s]2"
"6","Cc(cc(cc[s]1)c1c1)c1C([Hg])=O","Cc(cc1)cc2c1[s]cc2"
"7","Cc1cc(C([Hg])=O)c2[s]ccc2c1","Cc(cc1)cc2c1[s]cc2"
"7","Cc(cc1)c(cc[s]2)c2c1C([Hg])=O","Cc1cccc2c1cc[s]2"
"4","Cc1cc(C([Hg])=O)c(cc[s]2)c2c1","Cc1cc([s]cc2)c2cc1"
"6","Cc(c([s]cc1)c1cc1)c1C([Hg])=O","Cc1c2[s]ccc2ccc1"
"4","Cc(cc1)c2[s]ccc2c1C([Hg])=O","Cc1c2[s]ccc2ccc1"
"5","Cc1c2[s]ccc2cc(C([Hg])=O)c1","Cc1c2[s]ccc2ccc1"
"5","Cc(cc1[s]ccc1c1)c1C([Hg])=O","Cc1cc([s]cc2)c2cc1"
"4","Cc(cc1)c(C([Hg])=O)c2c1[s]cc2","Cc(cc1)cc2c1[s]cc2"
"5","Cc(c1c(cc2)[s]cc1)c2C([Hg])=O","Cc1cccc2c1cc[s]2"
"6","O=C(c1cc([nH]c(Cl)c2)c2cc1)[Hg]","Clc1cc(cccc2)c2[nH]1"
"6","O=C(c(cc1)cc2c1c(Cl)c[nH]2)[Hg]","Clc1c[nH]c2c1cccc2"
"3","O=C(c1c[nH]c(cc2)c1cc2Cl)[Hg]","Clc(cc1)cc2c1[nH]cc2"
"3","O=C(c1c[nH]c2c1ccc(Cl)c2)[Hg]","Clc1cc([nH]cc2)c2cc1"
"7","O=C(c(c([nH]cc1)c1cc1)c1Cl)[Hg]","Clc1cc([nH]cc2)c2cc1"
"3","O=C(c1c[nH]c2cccc(Cl)c12)[Hg]","Clc1c(cc[nH]2)c2ccc1"
"3","O=C(c1c[nH]c2c1cccc2Cl)[Hg]","Clc1c2[nH]ccc2ccc1"
"2","O=C(c1cc(ccc(Cl)c2)c2[nH]1)[Hg]","Clc1cc([nH]cc2)c2cc1"
"2","O=C(c1cc(cc(cc2)Cl)c2[nH]1)[Hg]","Clc(cc1)cc2c1[nH]cc2"
"2","O=C(c1cc(cccc2Cl)c2[nH]1)[Hg]","Clc1c2[nH]ccc2ccc1"
"2","O=C(c1cc(c(Cl)ccc2)c2[nH]1)[Hg]","Clc1c(cc[nH]2)c2ccc1"
"2","O=C(c([nH]c1c2cccc1)c2Cl)[Hg]","Clc1c[nH]c2c1cccc2"
"6","O=C(c1cc(Cl)c(cc[nH]2)c2c1)[Hg]","Clc1c(cc[nH]2)c2ccc1"
"5","O=C(c(cc1)cc2c1[nH]c(Cl)c2)[Hg]","Clc1cc(cccc2)c2[nH]1"
"6","O=C(c(cc1[nH]ccc1c1)c1Cl)[Hg]","Clc(cc1)cc2c1[nH]cc2"
"5","O=C(c(cc1)cc2c1[nH]cc2Cl)[Hg]","Clc1c[nH]c2c1cccc2"
"7","O=C(c1c2[nH]ccc2cc(Cl)c1)[Hg]","Clc(cc1)cc2c1[nH]cc2"
"7","O=C(c1c2[nH]c(Cl)cc2ccc1)[Hg]","Clc1cc(cccc2)c2[nH]1"
"7","O=C(c(cc1)c2[nH]ccc2c1Cl)[Hg]","Clc1c(cc[nH]2)c2ccc1"
"7","O=C(c(cccc12)c1[nH]cc2Cl)[Hg]","Clc1c[nH]c2c1cccc2"
"4","O=C(c1c(cc[nH]2)c2cc(Cl)c1)[Hg]","Clc1cc([nH]cc2)c2cc1"
"4","O=C(c(cc1)c(cc[nH]2)c2c1Cl)[Hg]","Clc1c2[nH]ccc2ccc1"
"4","O=C(c1c(cc([nH]2)Cl)c2ccc1)[Hg]","Clc1cc(cccc2)c2[nH]1"
"6","O=C(c(ccc1c2[nH]cc1)c2Cl)[Hg]","Clc1c2[nH]ccc2ccc1"
"4","O=C(c1c(c(Cl)c[nH]2)c2ccc1)[Hg]","Clc1c[nH]c2c1cccc2"
"5","O=C(c1cc(Cl)c2[nH]ccc2c1)[Hg]","Clc1c2[nH]ccc2ccc1"
"4","O=C(c(c1c(cc2)[nH]cc1)c2Cl)[Hg]","Clc(cc1)cc2c1[nH]cc2"
"5","O=C(c(cc(cc[nH]1)c1c1)c1Cl)[Hg]","Clc1cc([nH]cc2)c2cc1"
"5","O=C(c(ccc1c2cc[nH]1)c2Cl)[Hg]","Clc1c(cc[nH]2)c2ccc1"
"3","O=C(c(c(cccc1)c1[nH]1)c1Cl)[Hg]","Clc1cc(cccc2)c2[nH]1"
"6","C[n](cc1)c2c1ccc(C([Hg])=O)c2","C[n](cc1)c2c1cccc2"
"7","C[n](ccc1ccc2)c1c2C([Hg])=O","C[n](cc1)c2c1cccc2"
"3","C[n]1c(cccc2)c2c(C([Hg])=O)c1","C[n](cc1)c2c1cccc2"
"3","Cc(cc1)cc2c1[nH]cc2C([Hg])=O","Cc(cc1)cc2c1[nH]cc2"
"3","Cc1cccc2c1[nH]cc2C([Hg])=O","Cc1c2[nH]ccc2ccc1"
"3","Cc(cc1)cc2c1c(C([Hg])=O)c[nH]2","Cc1cc([nH]cc2)c2cc1"
"3","Cc1c(c(C([Hg])=O)c[nH]2)c2ccc1","Cc1cccc2c1cc[nH]2"
"7","Cc1c(C([Hg])=O)c([nH]cc2)c2cc1","Cc1cc([nH]cc2)c2cc1"
"2","Cc1cc([nH]c(C([Hg])=O)c2)c2cc1","Cc1cc([nH]cc2)c2cc1"
"2","Cc1cccc2c1cc(C([Hg])=O)[nH]2","Cc1cccc2c1cc[nH]2"
"2","Cc(cc1)cc2c1[nH]c(C([Hg])=O)c2","Cc(cc1)cc2c1[nH]cc2"
"2","Cc1cccc2c1[nH]c(C([Hg])=O)c2","Cc1c2[nH]ccc2ccc1"
"2","C[n](c(C([Hg])=O)c1)c2c1cccc2","C[n](cc1)c2c1cccc2"
"6","Cc1c(cc[nH]2)c2cc(C([Hg])=O)c1","Cc1cccc2c1cc[nH]2"
"5","C[n](cc1)c(cc2)c1cc2C([Hg])=O","C[n](cc1)c2c1cccc2"
"6","Cc(cc(cc[nH]1)c1c1)c1C([Hg])=O","Cc(cc1)cc2c1[nH]cc2"
"7","Cc1cc(C([Hg])=O)c2[nH]ccc2c1","Cc(cc1)cc2c1[nH]cc2"
"7","Cc(cc1)c(cc[nH]2)c2c1C([Hg])=O","Cc1cccc2c1cc[nH]2"
"4","Cc1cc(C([Hg])=O)c(cc[nH]2)c2c1","Cc1cc([nH]cc2)c2cc1"
"4","C[n]1c2cccc(C([Hg])=O)c2cc1","C[n](cc1)c2c1cccc2"
"6","Cc(c([nH]cc1)c1cc1)c1C([Hg])=O","Cc1c2[nH]ccc2ccc1"
"4","Cc(cc1)c2[nH]ccc2c1C([Hg])=O","Cc1c2[nH]ccc2ccc1"
"5","Cc1c2[nH]ccc2cc(C([Hg])=O)c1","Cc1c2[nH]ccc2ccc1"
"5","Cc(cc1[nH]ccc1c1)c1C([Hg])=O","Cc1cc([nH]cc2)c2cc1"
"4","Cc(cc1)c(C([Hg])=O)c2c1[nH]cc2","Cc(cc1)cc2c1[nH]cc2"
"5","Cc(c1c(cc2)[nH]cc1)c2C([Hg])=O","Cc1cccc2c1cc[nH]2"
"6","NC(c1cc(ccc(C([Hg])=O)c2)c2[nH]1)=O","NC(c1cc(cccc2)c2[nH]1)=O"
"6","NC(c1c[nH]c2c1ccc(C([Hg])=O)c2)=O","NC(c1c[nH]c2c1cccc2)=O"
"3","NC(c(cc1)cc2c1[nH]cc2C([Hg])=O)=O","NC(c(cc1)cc2c1[nH]cc2)=O"
"3","NC(c1cccc2c1[nH]cc2C([Hg])=O)=O","NC(c1c2[nH]ccc2ccc1)=O"
"3","NC(c(cc1)cc2c1c(C([Hg])=O)c[nH]2)=O","NC(c1cc([nH]cc2)c2cc1)=O"
"3","NC(c1c(c(C([Hg])=O)c[nH]2)c2ccc1)=O","NC(c1c(cc[nH]2)c2ccc1)=O"
"7","NC(c1c(C([Hg])=O)c([nH]cc2)c2cc1)=O","NC(c1cc([nH]cc2)c2cc1)=O"
"2","NC(c1c(C([Hg])=O)[nH]c2c1cccc2)=O","NC(c1c[nH]c2c1cccc2)=O"
"2","NC(c1cc([nH]c(C([Hg])=O)c2)c2cc1)=O","NC(c1cc([nH]cc2)c2cc1)=O"
"2","NC(c1cccc2c1cc(C([Hg])=O)[nH]2)=O","NC(c1c(cc[nH]2)c2ccc1)=O"
"2","NC(c(cc1)cc2c1[nH]c(C([Hg])=O)c2)=O","NC(c(cc1)cc2c1[nH]cc2)=O"
"2","NC(c1cccc2c1[nH]c(C([Hg])=O)c2)=O","NC(c1c2[nH]ccc2ccc1)=O"
"5","NC(c(c1c(cc2)[nH]cc1)c2C([Hg])=O)=O","NC(c1c(cc[nH]2)c2ccc1)=O"
"6","NC(c(cc(cc[nH]1)c1c1)c1C([Hg])=O)=O","NC(c(cc1)cc2c1[nH]cc2)=O"
"5","NC(c1c[nH]c(cc2)c1cc2C([Hg])=O)=O","NC(c1c[nH]c2c1cccc2)=O"
"5","NC(c1cc(cc(cc2)C([Hg])=O)c2[nH]1)=O","NC(c1cc(cccc2)c2[nH]1)=O"
"6","NC(c1c(cc[nH]2)c2cc(C([Hg])=O)c1)=O","NC(c1c(cc[nH]2)c2ccc1)=O"
"5","NC(c(cc1[nH]ccc1c1)c1C([Hg])=O)=O","NC(c1cc([nH]cc2)c2cc1)=O"
"7","NC(c(cc1)c(cc[nH]2)c2c1C([Hg])=O)=O","NC(c1c(cc[nH]2)c2ccc1)=O"
"7","NC(c(c1ccc2)c[nH]c1c2C([Hg])=O)=O","NC(c1c[nH]c2c1cccc2)=O"
"7","NC(c1cc(C([Hg])=O)c2[nH]ccc2c1)=O","NC(c(cc1)cc2c1[nH]cc2)=O"
"7","NC(c1cc2cccc(C([Hg])=O)c2[nH]1)=O","NC(c1cc(cccc2)c2[nH]1)=O"
"3","NC(c1c(C([Hg])=O)c(cccc2)c2[nH]1)=O","NC(c1cc(cccc2)c2[nH]1)=O"
"6","NC(c(c([nH]cc1)c1cc1)c1C([Hg])=O)=O","NC(c1c2[nH]ccc2ccc1)=O"
"4","NC(c(cc1)c2[nH]ccc2c1C([Hg])=O)=O","NC(c1c2[nH]ccc2ccc1)=O"
"4","NC(c1cc(C([Hg])=O)c(cc[nH]2)c2c1)=O","NC(c1cc([nH]cc2)c2cc1)=O"
"4","NC(c1c[nH]c2cccc(C([Hg])=O)c12)=O","NC(c1c[nH]c2c1cccc2)=O"
"4","NC(c([nH]c1ccc2)cc1c2C([Hg])=O)=O","NC(c1cc(cccc2)c2[nH]1)=O"
"5","NC(c1c2[nH]ccc2cc(C([Hg])=O)c1)=O","NC(c1c2[nH]ccc2ccc1)=O"
"4","NC(c(cc1)c(C([Hg])=O)c2c1[nH]cc2)=O","NC(c(cc1)cc2c1[nH]cc2)=O"
"3","COC(c1c(c(C([Hg])=O)c[nH]2)c2ccc1)=O","COC(c1c(cc[nH]2)c2ccc1)=O"
"7","COC(c1c(C([Hg])=O)c([nH]cc2)c2cc1)=O","COC(c1cc([nH]cc2)c2cc1)=O"
"6","COC(c1cc(ccc(C([Hg])=O)c2)c2[nH]1)=O","COC(c1cc(cccc2)c2[nH]1)=O"
"6","COC(c1c[nH]c2c1ccc(C([Hg])=O)c2)=O","COC(c1c[nH]c2c1cccc2)=O"
"3","COC(c(cc1)cc2c1[nH]cc2C([Hg])=O)=O","COC(c(cc1)cc2c1[nH]cc2)=O"
"3","COC(c(cc1)cc2c1c(C([Hg])=O)c[nH]2)=O","COC(c1cc([nH]cc2)c2cc1)=O"
"3","COC(c1cccc2c1[nH]cc2C([Hg])=O)=O","COC(c1c2[nH]ccc2ccc1)=O"
"2","COC(c1cc([nH]c(C([Hg])=O)c2)c2cc1)=O","COC(c1cc([nH]cc2)c2cc1)=O"
"2","COC(c(cc1)cc2c1[nH]c(C([Hg])=O)c2)=O","COC(c(cc1)cc2c1[nH]cc2)=O"
"2","COC(c1cccc2c1cc(C([Hg])=O)[nH]2)=O","COC(c1c(cc[nH]2)c2ccc1)=O"
"2","COC(c1cccc2c1[nH]c(C([Hg])=O)c2)=O","COC(c1c2[nH]ccc2ccc1)=O"
"2","COC(c1c(C([Hg])=O)[nH]c2c1cccc2)=O","COC(c1c[nH]c2c1cccc2)=O"
"6","COC(c(cc(cc[nH]1)c1c1)c1C([Hg])=O)=O","COC(c(cc1)cc2c1[nH]cc2)=O"
"6","COC(c1c(cc[nH]2)c2cc(C([Hg])=O)c1)=O","COC(c1c(cc[nH]2)c2ccc1)=O"
"5","COC(c1cc(cc(cc2)C([Hg])=O)c2[nH]1)=O","COC(c1cc(cccc2)c2[nH]1)=O"
"5","COC(c1c[nH]c(cc2)c1cc2C([Hg])=O)=O","COC(c1c[nH]c2c1cccc2)=O"
"3","COC(c1c(C([Hg])=O)c(cccc2)c2[nH]1)=O","COC(c1cc(cccc2)c2[nH]1)=O"
"7","COC(c(cc1)c(cc[nH]2)c2c1C([Hg])=O)=O","COC(c1c(cc[nH]2)c2ccc1)=O"
"7","COC(c(c1ccc2)c[nH]c1c2C([Hg])=O)=O","COC(c1c[nH]c2c1cccc2)=O"
"7","COC(c1cc(C([Hg])=O)c2[nH]ccc2c1)=O","COC(c(cc1)cc2c1[nH]cc2)=O"
"7","COC(c1cc2cccc(C([Hg])=O)c2[nH]1)=O","COC(c1cc(cccc2)c2[nH]1)=O"
"5","COC(c(cc1[nH]ccc1c1)c1C([Hg])=O)=O","COC(c1cc([nH]cc2)c2cc1)=O"
"4","COC(c(cc1)c2[nH]ccc2c1C([Hg])=O)=O","COC(c1c2[nH]ccc2ccc1)=O"
"4","COC(c1cc(C([Hg])=O)c(cc[nH]2)c2c1)=O","COC(c1cc([nH]cc2)c2cc1)=O"
"4","COC(c1c[nH]c2cccc(C([Hg])=O)c12)=O","COC(c1c[nH]c2c1cccc2)=O"
"4","COC(c([nH]c1ccc2)cc1c2C([Hg])=O)=O","COC(c1cc(cccc2)c2[nH]1)=O"
"6","COC(c(c([nH]cc1)c1cc1)c1C([Hg])=O)=O","COC(c1c2[nH]ccc2ccc1)=O"
"4","COC(c(cc1)c(C([Hg])=O)c2c1[nH]cc2)=O","COC(c(cc1)cc2c1[nH]cc2)=O"
"5","COC(c(c1c(cc2)[nH]cc1)c2C([Hg])=O)=O","COC(c1c(cc[nH]2)c2ccc1)=O"
"5","COC(c1c2[nH]ccc2cc(C([Hg])=O)c1)=O","COC(c1c2[nH]ccc2ccc1)=O"
"","",""
"","",""
"","",""
"","",""
"","",""
"","",""
"","",""
"","",""
"","",""
"","",""
"","",""
"","",""
"","",""
"","",""
"","",""
"","",""
"","",""
"","",""
"","",""
"","",""
"","",""
"","",""
"","",""
"","",""
"","",""
"","",""
"","",""
"","",""
"","",""
"","",""
"","",""
"","",""
"","",""
"","",""
"","",""
"","",""
"","",""
"","",""
"","",""
"","",""
"","",""
"","",""
"","",""
"","",""
"","",""
"","",""
